1,0,B_1.png
2,0,B_1.png
3,0,B_1.png
4,0,B_1.png
5,0,B_1.png
6,0,B_1.png
7,0,B_1.png
8,0,B_1.png
9,0,B_1.png
10,0,B_1.png
11,0,B_1.png
12,0,B_1.png
13,0,B_1.png
14,0,B_1.png
15,0,B_1.png
16,0,B_1.png
17,0,B_1.png
18,0,B_1.png
19,0,B_1.png
20,0,B_1.png
21,1,B_1.png
22,1,B_1.png
23,1,B_1.png
24,1,B_1.png
25,1,B_1.png
26,1,B_1.png
27,1,B_1.png
28,1,B_1.png
29,1,B_1.png
30,1,B_1.png
31,1,B_1.png
32,1,B_1.png
33,1,B_1.png
34,1,B_1.png
35,1,B_1.png
36,1,B_1.png
37,1,B_1.png
38,1,B_1.png
39,1,B_1.png
40,1,B_1.png
41,1,B_1.png
42,1,B_1.png
43,2,B_1.png
44,2,B_1.png
45,2,B_1.png
46,2,B_1.png
47,2,B_1.png
48,2,B_1.png
49,2,B_1.png
50,2,B_1.png
51,2,B_1.png
52,2,B_1.png
53,2,B_1.png
54,2,B_1.png
55,2,B_1.png
56,2,B_1.png
57,2,B_1.png
58,2,B_1.png
59,2,B_1.png
60,2,B_1.png
61,2,B_1.png
62,2,B_1.png
63,2,B_1.png
64,2,B_1.png
65,2,B_1.png
66,2,B_1.png
67,2,B_1.png
68,2,B_1.png
69,2,B_1.png
70,2,B_1.png
71,2,B_1.png
72,2,B_1.png
73,3,B_1.png
74,3,B_1.png
75,3,B_1.png
76,3,B_1.png
77,3,B_1.png
78,3,B_1.png
79,3,B_1.png
80,3,B_1.png
81,3,B_1.png
82,3,B_1.png
83,3,B_1.png
84,3,B_1.png
85,3,B_1.png
86,3,B_1.png
87,3,B_1.png
88,3,B_1.png
89,3,B_1.png
90,3,B_1.png
91,3,B_1.png
92,3,B_1.png
93,3,B_1.png
94,3,B_1.png
95,3,B_1.png
96,3,B_1.png
97,3,B_1.png
98,3,B_1.png
99,3,B_1.png
100,3,B_1.png
101,4,B_1.png
102,4,B_1.png
103,4,B_1.png
104,4,B_1.png
105,4,B_1.png
106,4,B_1.png
107,4,B_1.png
108,4,B_1.png
109,4,B_1.png
110,4,B_1.png
111,4,B_1.png
112,4,B_1.png
113,4,B_1.png
114,4,B_1.png
115,4,B_1.png
116,4,B_1.png
117,4,B_1.png
118,4,B_1.png
119,4,B_1.png
120,4,B_1.png
121,4,B_1.png
122,4,B_1.png
123,4,B_1.png
